{
	"format_version": "1.12.0",
	"minecraft:geometry": [
		{
			"description": {
				"identifier": "geometry.mewtwo_fetus",
				"texture_width": 64,
				"texture_height": 64,
				"visible_bounds_width": 2,
				"visible_bounds_height": 2.5,
				"visible_bounds_offset": [0, 0.75, 0]
			},
			"bones": [
				{
					"name": "mewtwo",
					"pivot": [0, 0, 0]
				},
				{
					"name": "body",
					"parent": "mewtwo",
					"pivot": [0, 3, 0]
				},
				{
					"name": "torso",
					"parent": "body",
					"pivot": [0, 5, -1.75],
					"cubes": [
						{"origin": [-2.5, 5, -1.5], "size": [5, 7, 4], "uv": [0, 11]}
					]
				},
				{
					"name": "arm_right",
					"parent": "torso",
					"pivot": [-2.5, 9.5, -1.5],
					"cubes": [
						{"origin": [-2.5, 9, -3.5], "size": [1, 1, 2], "uv": [12, 27]}
					]
				},
				{
					"name": "arm_left",
					"parent": "torso",
					"pivot": [2.5, 9.5, -1.5],
					"cubes": [
						{"origin": [1.5, 9, -3.5], "size": [1, 1, 2], "uv": [14, 11]}
					]
				},
				{
					"name": "tail",
					"parent": "torso",
					"pivot": [0, 5, 2],
					"cubes": [
						{"origin": [-1.5, 2, -1], "size": [3, 3, 3], "inflate": 0.01, "uv": [18, 0]}
					]
				},
				{
					"name": "tail2",
					"parent": "tail",
					"pivot": [0, 2, 1.5],
					"cubes": [
						{"origin": [-1, 0, -0.5], "size": [2, 2, 2], "inflate": 0.01, "uv": [26, 26]},
						{"origin": [-1.25, -2.5, -0.75], "size": [2.5, 2.5, 2.5], "uv": [0, 32]}
					]
				},
				{
					"name": "head",
					"parent": "torso",
					"pivot": [0, 24.5, -1.25],
					"cubes": [
						{"origin": [-3, 11.5, -4.25], "size": [6, 5, 6], "uv": [0, 0]},
						{"origin": [1.5, 16.5, -1.25], "size": [1, 3, 2], "pivot": [2, 16.5, -1.25], "rotation": [-15, 0, 0], "uv": [6, 27]},
						{"origin": [-2.5, 16.5, -1.25], "size": [1, 3, 2], "pivot": [-2, 16.5, -1.25], "rotation": [-15, 0, 0], "uv": [0, 0]},
						{"origin": [-1.5, 11.5, -6.25], "size": [3, 2, 2], "pivot": [0, 13.5, -4.25], "rotation": [10, 0, 0], "uv": [24, 6]}
					]
				},
				{
					"name": "jaw",
					"parent": "head",
					"pivot": [0, 25, -3.25],
					"rotation": [20, 0, 0],
					"cubes": [
						{"origin": [-1, 12.284, -9.69626], "size": [2, 1, 2], "uv": [27, 0]}
					]
				},
				{
					"name": "eye_right",
					"parent": "head",
					"pivot": [-2.51, 27.06512, -2.4157],
					"rotation": [17.5, 0, 0],
					"cubes": [
						{"origin": [-3.01, 13.6668, -7.82488], "size": [1, 2, 3], "uv": [25, 20]}
					]
				},
				{
					"name": "eye_left",
					"parent": "head",
					"pivot": [2.51, 27.06512, -2.4157],
					"rotation": [17.5, 0, 0],
					"cubes": [
						{"origin": [2.01, 13.6668, -7.82488], "size": [1, 2, 3], "uv": [25, 14]}
					]
				},
				{
					"name": "cord",
					"parent": "torso",
					"pivot": [0, 26, 1.25],
					"cubes": [
						{"origin": [0, 8.75, 2], "size": [0, 6, 4], "uv": [0, 18]}
					]
				},
				{
					"name": "leg_right",
					"parent": "body",
					"pivot": [-2.5, 6.5, -0.75],
					"cubes": [
						{"origin": [-3, 5.5, -3.25], "size": [2, 2, 3], "uv": [18, 23]},
						{"origin": [-3.5, 5.25, -0.75], "size": [2, 3, 3], "uv": [18, 11]},
						{"origin": [-3.5, 7.25, -3.5], "size": [1, 1, 1], "uv": [12, 30]},
						{"origin": [-1.5, 7.25, -3.5], "size": [1, 1, 1], "uv": [16, 30]}
					]
				},
				{
					"name": "leg_left",
					"parent": "body",
					"pivot": [2.5, 6.5, -0.75],
					"cubes": [
						{"origin": [1, 5.5, -3.25], "size": [2, 2, 3], "uv": [8, 22]},
						{"origin": [1.5, 5.25, -0.75], "size": [2, 3, 3], "uv": [18, 17]},
						{"origin": [0.5, 7.25, -3.5], "size": [1, 1, 1], "uv": [18, 28]},
						{"origin": [2.5, 7.25, -3.5], "size": [1, 1, 1], "uv": [22, 28]}
					]
				}
			]
		}
	]
}